model,architecture,params,requires_discharge,requires_eis,requires_physics,supports_eis_only,external_evaluation_valid,reason
A,TinyMultimodalMLP,3431,YES,YES,YES,PARTIAL,"PARTIAL — zero-pad caveat","No dedicated EIS encoder. Falls back to zeroing discharge+physics. Results are NOT from trained NASA encoder. Random weights."
B,SmallMLPFusion,16545,YES,YES,YES,YES,YES,"Has e_enc (MLP). Can extract EIS embedding independently. Random head used — not trained performance."
C,CNN1DFusion,24193,YES,YES,YES,YES,YES,"Has e_enc (MLP). EIS encoder extractable."
D,TCNFusion,44257,YES,YES,YES,YES,YES,"Has e_enc (MLP). EIS encoder extractable."
E,SmallLSTM64,30977,YES,YES,YES,YES,YES,"Has e_enc (MLP). EIS encoder extractable."
E2,SmallLSTM128,85505,YES,YES,YES,YES,YES,"Has e_enc (MLP). EIS encoder extractable."
F,GatedFusion,18148,YES,YES,YES,YES,YES,"Has e_enc (2-layer MLP). EIS encoder extractable."
G,CNNGatedFusion,24964,YES,YES,YES,YES,YES,"Has e_enc (_mlp). EIS encoder extractable."
C2,CNN1DFusionFull,21409,YES,YES,YES,YES,YES,"Has e_cnn (_small_cnn1d). EIS CNN encoder extractable."
D2,TCNFusionFull,48225,YES,YES,YES,YES,YES,"Has e_tcn (_small_tcn). EIS TCN encoder extractable."
E3,CNNLSTM64,57409,YES,YES,YES,YES,YES,"Has e_enc (MLP). EIS encoder extractable."
E4,CNNLSTM128,127553,YES,YES,YES,YES,YES,"Has e_enc (MLP). EIS encoder extractable."
E5,FullHybridCNNLSTM,54625,YES,YES,YES,YES,YES,"Has e_cnn (_small_cnn1d). EIS CNN encoder extractable."
G2,FullCNNGated,20132,YES,YES,YES,YES,YES,"Has e_cnn (_small_cnn1d). EIS CNN encoder extractable."
CRITICAL_CAVEAT,ALL_MODELS,N/A,N/A,N/A,N/A,N/A,SEE_NOTE,"All EIS-only evaluations use RANDOM downstream heads (no checkpoint loaded in evaluate_eis_only()). Results measure EIS encoder structural capacity, NOT trained NASA model performance. EIS values are ~13x smaller scale than NASA training distribution (z-scores -5 to -10 sigma out-of-distribution). Results are EXPLORATORY."
