model,architecture,requires_discharge,requires_eis,requires_physics,samsung_discharge_available,samsung_eis_available,samsung_physics_available,full_multimodal_external_test_possible,eis_only_external_test_possible,reason
A,TinyMultimodalMLP,YES,YES,YES,NO,PARTIAL,PARTIAL,NO,YES,"Discharge missing. EIS available but 8D vs 3D (scale mismatch). Physics: cycle_age available; voltage_droop missing."
B,SmallMLPFusion,YES,YES,YES,NO,PARTIAL,PARTIAL,NO,YES,"Same as A. Uses stat-pooling on discharge — no discharge = no input for d_enc branch."
C,CNN1DFusion,YES,YES,YES,NO,PARTIAL,PARTIAL,NO,YES,"CNN on discharge time-series — MISSING. EIS MLP available. Physics partial."
D,TCNFusion,YES,YES,YES,NO,PARTIAL,PARTIAL,NO,YES,"TCN on discharge — MISSING. EIS MLP available. Physics partial."
E,SmallLSTM64,YES,YES,YES,NO,PARTIAL,PARTIAL,NO,YES,"LSTM on discharge — MISSING. EIS/Physics MLP available partially."
E2,SmallLSTM128,YES,YES,YES,NO,PARTIAL,PARTIAL,NO,YES,"Same as E with 128-unit LSTM."
F,GatedFusion,YES,YES,YES,NO,PARTIAL,PARTIAL,NO,YES,"CNN on discharge — MISSING. Gate uses all 3 embeddings; zeroing discharge changes gate behaviour."
G,CNNGatedFusion,YES,YES,YES,NO,PARTIAL,PARTIAL,NO,YES,"Same as F. Both G and F were trained with non-zero discharge."
C2,CNN1DFusionFull,YES,YES,YES,NO,PARTIAL,PARTIAL,NO,YES,"Same limitations as C. EIS/Physics use CNN on 3/4 scalars."
D2,TCNFusionFull,YES,YES,YES,NO,PARTIAL,PARTIAL,NO,YES,"Same limitations as D."
E3,CNN-LSTM64,YES,YES,YES,NO,PARTIAL,PARTIAL,NO,YES,"CNN->LSTM on discharge — MISSING."
E4,CNN-LSTM128,YES,YES,YES,NO,PARTIAL,PARTIAL,NO,YES,"Same as E3 with 128-unit LSTM."
E5,FullHybridCNN-LSTM,YES,YES,YES,NO,PARTIAL,PARTIAL,NO,YES,"CNN->LSTM on discharge — MISSING. EIS/Physics use small CNN."
G2,FullCNNGatedFusion,YES,YES,YES,NO,PARTIAL,PARTIAL,NO,YES,"Same limitations as G. Full CNN on all modalities."
