dataset,evaluation_type,model,parameters,modalities,MAE_pct,RMSE_pct,R2,validity,notes
NASA,Full multimodal SOH,D2,48225,"Discharge+EIS+Physics",4.23,6.04,0.8561,VALID,"Battery-level split; NASA TRAIN stats; no Samsung data"
NASA,Full multimodal SOH,G,24964,"Discharge+EIS+Physics",5.43,7.22,0.7943,VALID,"Battery-level split; NASA TRAIN stats; no Samsung data"
NASA,Full multimodal SOH,G2,20132,"Discharge+EIS+Physics",5.52,7.61,0.7717,VALID,"Battery-level split; NASA TRAIN stats; no Samsung data"
NASA,Full multimodal SOH,A,3431,"Discharge+EIS+Physics",6.38,8.55,0.7118,VALID,"Battery-level split; NASA TRAIN stats; no Samsung data"
NASA,Full multimodal SOH,C2,21409,"Discharge+EIS+Physics",6.24,7.75,0.7628,VALID,"Battery-level split; NASA TRAIN stats; no Samsung data"
NASA,Full multimodal SOH,C,24193,"Discharge+EIS+Physics",7.06,9.21,0.6653,VALID,"Battery-level split; NASA TRAIN stats; no Samsung data"
NASA,Full multimodal SOH,F,18148,"Discharge+EIS+Physics",7.66,11.48,0.4797,VALID,"Battery-level split; NASA TRAIN stats; no Samsung data"
NASA,Full multimodal SOH,E5,54625,"Discharge+EIS+Physics",7.24,9.76,0.6246,VALID,"Battery-level split; NASA TRAIN stats; no Samsung data"
NASA,Full multimodal SOH,E4,127553,"Discharge+EIS+Physics",7.70,10.45,0.5690,VALID,"Battery-level split; NASA TRAIN stats; no Samsung data"
NASA,Full multimodal SOH,E2,85505,"Discharge+EIS+Physics",9.28,11.43,0.4844,VALID,"Battery-level split; NASA TRAIN stats; no Samsung data"
NASA,Full multimodal SOH,E,30977,"Discharge+EIS+Physics",9.29,11.70,0.4603,VALID,"Battery-level split; NASA TRAIN stats; no Samsung data"
NASA,Full multimodal SOH,B,16545,"Discharge+EIS+Physics",9.91,12.06,0.4264,VALID,"Battery-level split; NASA TRAIN stats; no Samsung data"
NASA,Full multimodal SOH,E3,57409,"Discharge+EIS+Physics",8.32,11.01,0.5222,VALID,"Battery-level split; NASA TRAIN stats; no Samsung data"
NASA,Full multimodal SOH,D,44257,"Discharge+EIS+Physics",5.34,8.37,0.7239,VALID,"Battery-level split; NASA TRAIN stats; no Samsung data"
NASA,Full multimodal SOH,H (BaFuse v1),1536321,"Discharge+EIS+Physics",10.80,13.46,0.2853,VALID,"Battery-level split; NASA TRAIN stats; no Samsung data; MSE-only loss"
NASA,Mean predictor baseline,Mean,0,None,15.68,,N/A,VALID,"Mean of NASA train SOH predicted for all test samples"
Samsung,EIS-only structural (exploratory),all models,varies,EIS-only,N/A,N/A,N/A,EXPLORATORY,"CASE B: no discharge available; EIS ~13x scale mismatch; random evaluation head; results NOT comparable to NASA"
